,0
Butter,방탄소년단
Next Level,aespa
Dun Dun Dance,오마이걸(OH MY GIRL)
안녕 (Hello),조이 (JOY)
헤픈 우연,헤이즈(Heize)
롤린 (Rollin'),브레이브걸스(Brave Girls)
ASAP,STAYC(스테이씨)
"Peaches (feat. Daniel Caesar, Giveon)",Justin Bieber(저스틴 비버)
라일락,아이유(IU)
마.피.아. In the morning,ITZY (있지)
듣고있나요 (Prod.조영수),케이시
상상더하기,라붐(LABOUM)
좋을텐데 (If Only) (Feat. 폴킴),조이 (JOY)
Off My Face,Justin Bieber(저스틴 비버)
운전만해 (We Ride),브레이브걸스(Brave Girls)
Save,NCT 127
Celebrity,아이유(IU)
Day By Day,조이 (JOY)
Dynamite,방탄소년단
영영,포맨 (4MEN)
WE GO,프로미스나인
Where Are We Now,마마무(Mamamoo)
I Love U,성시경
Je T′aime,조이 (JOY)
서울의 잠 못 이루는 밤 (Feat. 이수현),10CM
"사이렌 Remix (Feat. UNEDUCATED KID, Paul Blanco)",호미들
체념,"정상동기 (김정수, 정기석, 이동휘, 이상이)"
Save Your Tears (Remix),The Weeknd(위켄드)
Timeless,SG워너비
어푸 (Ah puh),아이유(IU)
맛 (Hot Sauce),NCT DREAM
DIE DIE (Feat. 최엘비) (스터디그룹 X 기리보이),기리보이
Happy Birthday To You,조이 (JOY)
내 손을 잡아,아이유(IU)
Kiss Me More (feat. SZA),Doja Cat(도자 캣)
Loving You Girl (feat. Hkeem),Peder Elias
그냥 안아달란 말야,다비치
꽃이 예뻐봤자 뭐해,신용재 (2F)
멜로디,ASH ISLAND
Coin,아이유(IU)
Ashes,Stellar
라라라,SG워너비
Leave The Door Open,Bruno Mars(브루노 마스)
On The Ground,로제(ROSÉ)
"어떻게 이별까지 사랑하겠어, 널 사랑하는 거지",AKMU (악동뮤지션)
그럴때마다 (Be There For You),조이 (JOY)
살짝 설렜어 (Nonstop),오마이걸(OH MY GIRL)
If You Love Me (Feat. 주헌 (몬스타엑스)),NS Yoon-G
"LOVE DAY (2021) (바른연애 길잡이 X 양요섭, 정은지)",양요섭
처음처럼 (Feat. 개리),헤이즈(Heize)
신호등,이무진
벌써일년,반하나
에잇(Prod.&Feat. SUGA of BTS),아이유(IU)
Beautiful Mistakes,Maroon 5(마룬 파이브)
Black Mamba,aespa
parachute,John K
Blueming,아이유(IU)
Life Goes On,방탄소년단
Savage Love (Laxed - Siren Beat) (BTS Remix),Jawsh 685
너의 발걸음에 빛을 비춰줄게 (Prod. 조영수),케이시
내사람: Partner For Life,SG워너비
Dolphin,오마이걸(OH MY GIRL)
감기 (Feat. 창모),헤이즈(Heize)
You & Me (Feat. 윤민수 of VIBE),포맨 (4MEN)
Lovesick Girls,BLACKPINK
작은 것들을 위한 시 (Boy With Luv) (Feat. Halsey),방탄소년단
At My Worst,Pink Sweat$
흔들리는 꽃들 속에서 네 샴푸향이 느껴진거야,장범준
닫힌엔딩 (Closed Ending),숀(SHAUN)
0X1=LOVESONG (I Know I Love You) feat. Seori,투모로우바이투게더
너를 사랑했던 시간,성시경
비도 오고 그래서 (Feat. 신용재),헤이즈(Heize)
How You Like That,BLACKPINK
또르르,주이현
만약에,"M.O.M (별루지, 강창모, 박재정, 원슈타인)"
밝게 빛나는 별이 되어 비춰줄게,송이한
나랑 같이 걸을래 (바른연애 길잡이 X 적재),적재
피날레 (Show And Prove),비투비
다정히 내 이름을 부르면,경서예지
밤하늘의 별을(2020),경서
취기를 빌려 (취향저격 그녀 X 산들),산들
잠이 오질 않네요,장범준
2002,Anne-Marie(앤 마리)
GAMBLER,몬스타엑스(Monsta X)
"모든 날, 모든 순간 (Every day, Every Moment)",폴킴(Paul Kim)
Bad Boy,청하
Like 1999,Valley
12:45 (Stripped),Etham
미안해 널 사랑해 (Feat. 김필),헤이즈(Heize)
희재,성시경
아이와 나의 바다,아이유(IU)
굿모닝 (Feat. 원슈타인),버벌진트(Verbal Jint)
SUN GOES DOWN,Lil Nas X
고래 (Dive Into You),NCT DREAM
사랑은 (Feat.원슈타인),마미손
살다가,SG워너비
좋은 사람 있으면 소개시켜줘,조이 (JOY)
안녕,폴킴(Paul Kim)
이 밤을 빌려 말해요 (바른연애 길잡이 X 10CM),10CM
